{
  "name": "寰泽 Sideview for Wind",
  "version": "1.0",
  "styleFileList": [],
  "scriptFileList": [],
  "tweeFileList": [],
  "additionFile": [],
  "imgFileList": [
    "img/body/basehead.png",
    "img/body/cum/Face 1,2.png",
    "img/body/cum/Face 3,4.png",
    "img/body/cum/Face 5.png",
    "img/face/default/base.png",
    "img/face/default/blush1.png",
    "img/face/default/blush2.png",
    "img/face/default/blush3.png",
    "img/face/default/blush4.png",
    "img/face/default/blush5.png",
    "img/face/default/browlow.png",
    "img/face/default/browmid.png",
    "img/face/default/broworgasm.png",
    "img/face/default/browtop.png",
    "img/face/default/ears.png",
    "img/face/default/eyelids.png",
    "img/face/default/eyelids_halfclosed.png",
    "img/face/default/eyes.png",
    "img/face/default/freckles.png",
    "img/face/default/iris.png",
    "img/face/default/irisempty.png",
    "img/face/default/irisempty_halfclosed.png",
    "img/face/default/irisempty_halfclosed_left.png",
    "img/face/default/irisempty_halfclosed_right.png",
    "img/face/default/irisempty_left.png",
    "img/face/default/irisempty_right.png",
    "img/face/default/iris_halfclosed.png",
    "img/face/default/iris_halfclosed_left.png",
    "img/face/default/iris_halfclosed_right.png",
    "img/face/default/iris_left.png",
    "img/face/default/iris_right.png",
    "img/face/default/lashes.png",
    "img/face/default/lashes_halfclosed.png",
    "img/face/default/mouthcry.png",
    "img/face/default/mouthfrown.png",
    "img/face/default/mouthneutral.png",
    "img/face/default/mouthsmile.png",
    "img/face/default/sclera.png",
    "img/face/default/sclerabloodshot.png",
    "img/face/default/tear1.png",
    "img/face/default/tear2.png",
    "img/face/default/tear3.png",
    "img/face/default/tear4.png",
    "img/face/default/makeup/eyeshadows.png",
    "img/face/default/makeup/eyeshadows_halfclosed.png",
    "img/face/default/makeup/lipstick_cry.png",
    "img/face/default/makeup/lipstick_frown.png",
    "img/face/default/makeup/lipstick_neutral.png",
    "img/face/default/makeup/lipstick_smile.png",
    "img/face/default/makeup/mascara.png",
    "img/face/default/makeup/mascara1.png",
    "img/face/default/makeup/mascara2.png",
    "img/face/default/makeup/mascara3.png",
    "img/face/default/makeup/mascara4.png",
    "img/face/default/makeup/mascara_halfclosed.png",
    "img/face/default/red/base.png",
    "img/face/default/red/blush1.png",
    "img/face/default/red/blush2.png",
    "img/face/default/red/blush3.png",
    "img/face/default/red/blush4.png",
    "img/face/default/red/blush5.png",
    "img/face/default/red/eyelids.png",
    "img/face/default/red/eyelids_halfclosed.png",
    "img/face/default/red/eyes.png",
    "img/face/default/red/freckles.png",
    "img/face/default/red/mouthcry.png",
    "img/face/default/red/mouthfrown.png",
    "img/face/default/red/mouthneutral.png",
    "img/face/default/red/mouthsmile.png"
  ],
  "addonPlugin": [
    {
      "modName": "ModLoader DoL ImageLoaderHook",
      "addonName": "ImageLoaderAddon",
      "modVersion": "^2.3.0",
      "params": []
    }
  ],
  "dependenceInfo": [
    {
      "modName": "ModLoader DoL ImageLoaderHook",
      "version": "^2.3.0"
    }
  ]
}